,mean,std,min,max
F0final_sma_mean,128.51492605875907,61.19582720814536,6.347347715909091,424.2203613636362
voicingFinalUnclipped_sma_mean,0.7631330002150956,0.041008484803966884,0.4924769647727274,0.9157857772727273
jitterLocal_sma_mean,0.07454712412112781,0.021687721350195015,0.00316153964034091,0.15521417681818184
jitterDDP_sma_mean,0.0779796241526212,0.024014171167903605,0.0012214766022727273,0.17590855471910108
shimmerLocal_sma_mean,0.15616223277812555,0.035411367484932274,0.007276678668181819,0.2815493932584269
logHNR_sma_mean,-3.729924850749212,13.77138532836592,-93.94507431818184,15.379003238636365
audspec_lengthL1norm_sma_mean,2.072814698290619,0.9695843276876054,0.3598577318181817,7.273437397727273
audspecRasta_lengthL1norm_sma_mean,1.2111804879534507,0.21574303013165638,0.9926566909090906,2.2910528068181817
pcm_RMSenergy_sma_mean,0.11170822484742167,0.06493067646471748,0.00855347350786517,0.5574272727272729
pcm_zcr_sma_mean,0.04625252931557516,0.024173568188851184,0.007320030955056178,0.3475961193181817
audSpec_Rfilt_sma[0]_mean,0.18158556087758992,0.06833394420887692,0.12941406818181814,0.5525288977272728
audSpec_Rfilt_sma[1]_mean,0.3749586583868535,0.1287240105182166,0.2731224079545453,0.9509872920454544
audSpec_Rfilt_sma[2]_mean,0.5626173987627882,0.17572611374066194,0.42194606250000016,1.4146411483146069
audSpec_Rfilt_sma[3]_mean,0.7268147240531091,0.20839628594351375,0.5574475318181819,1.7213058988764036
audSpec_Rfilt_sma[4]_mean,0.8671726567122235,0.23480318182198476,0.6718134647727271,1.8243205340909088
audSpec_Rfilt_sma[5]_mean,0.9836135927111548,0.25836405900833254,0.7683794988636364,2.3496898499999994
audSpec_Rfilt_sma[6]_mean,1.0721474515337346,0.26159135053732724,0.8511304590909087,2.8394320056818185
audSpec_Rfilt_sma[7]_mean,1.1539954938161998,0.26974502907805725,0.9217603954545452,2.8933262505617963
audSpec_Rfilt_sma[8]_mean,1.226233704380217,0.27687260246552364,0.9863385727272728,3.4829759573033723
audSpec_Rfilt_sma[9]_mean,1.2928143875986073,0.2751493636377416,1.0459561125,2.7945394943181823
audSpec_Rfilt_sma[10]_mean,1.3575277994763637,0.28087203643556796,1.1050920113636369,3.4180801404494385
audSpec_Rfilt_sma[11]_mean,1.4220332085239618,0.28004265626051816,1.1631179545454549,2.9372248750000014
audSpec_Rfilt_sma[12]_mean,1.4879748804601467,0.2898900451600416,1.2211171477272729,3.23831059090909
audSpec_Rfilt_sma[13]_mean,1.5495004756427309,0.2931156966935543,1.2732207613636364,3.6376520449438194
audSpec_Rfilt_sma[14]_mean,1.6084710458240685,0.2963414766275494,1.328035284090909,3.3745770898876395
audSpec_Rfilt_sma[15]_mean,1.663977299299713,0.30277884495511553,1.377240920454545,3.2259057528089885
audSpec_Rfilt_sma[16]_mean,1.7106245625261753,0.30407148333858236,1.4195909886363631,3.3385132386363634
audSpec_Rfilt_sma[17]_mean,1.7415415608266498,0.2988216128568429,1.4490963977272724,3.432101295454545
audSpec_Rfilt_sma[18]_mean,1.7505986823738313,0.2938829653343475,1.4585265795454547,3.4879341250000007
audSpec_Rfilt_sma[19]_mean,1.714869390570444,0.27730669060452484,1.4345705454545452,3.5433549204545445
audSpec_Rfilt_sma[20]_mean,1.6222445647269566,0.25306420819189995,1.3613664431818182,3.332352965909091
audSpec_Rfilt_sma[21]_mean,1.474245339031603,0.22888307594806928,1.2337981931818178,3.0945902613636367
audSpec_Rfilt_sma[22]_mean,1.279439191934321,0.1933693597288405,1.0705301409090906,2.7434874886363647
audSpec_Rfilt_sma[23]_mean,1.0735122879889227,0.1616218931125379,0.8989634886363639,2.2231532045454543
audSpec_Rfilt_sma[24]_mean,0.8797750045452126,0.13177424747487962,0.7358085431818182,1.7887136238636363
audSpec_Rfilt_sma[25]_mean,0.7124037859182462,0.10646878481192319,0.5954845249999997,1.4462181494382016
pcm_fftMag_fband250-650_sma_mean,1.5453980896274926,2.2571586071853122,0.003139550863636364,34.88188168539325
pcm_fftMag_fband1000-4000_sma_mean,0.8064193443127078,1.653050280078803,0.0018682991534090913,24.541121886363634
pcm_fftMag_spectralRollOff25.0_sma_mean,266.4494284801244,185.01385824386062,46.10552340909087,3713.063264772727
pcm_fftMag_spectralRollOff50.0_sma_mean,458.251106178094,310.129928844069,60.639759213483146,6242.175525000002
pcm_fftMag_spectralRollOff75.0_sma_mean,842.4103093526035,546.9249460386205,111.36744409090916,8975.803852272727
pcm_fftMag_spectralRollOff90.0_sma_mean,1516.877297361146,931.6356300684931,184.8886488636364,11233.180602272725
pcm_fftMag_spectralFlux_sma_mean,0.9175622192661811,0.5822305931728228,0.041256729772727284,4.6779854831460685
pcm_fftMag_spectralCentroid_sma_mean,711.2835056287278,391.28051867254754,125.90047534090913,6414.724511363632
pcm_fftMag_spectralEntropy_sma_mean,3.5555868703123323,0.6187682806696055,1.3777174494382018,5.569460415730336
pcm_fftMag_spectralVariance_sma_mean,1338486.9399748931,1476640.3508994244,7831.448954545453,19829713.22966292
pcm_fftMag_spectralSkewness_sma_mean,8.605482475736611,7.138600342690584,-0.3948379761363636,84.58851102272727
pcm_fftMag_spectralKurtosis_sma_mean,513.1402816721857,1285.7548183280069,4.4609159431818215,20370.59806818182
pcm_fftMag_spectralSlope_sma_mean,-0.8829726058646846,1.2161545812293197,-14.649696511363633,-0.004340722206853932
pcm_fftMag_psySharpness_sma_mean,0.5861635565053862,0.26683316834501586,0.11897219647727275,4.6670994318181815
pcm_fftMag_spectralHarmonicity_sma_mean,1.561568282529871,2.342541094058262,0.012242340288426964,29.871076590909095
pcm_fftMag_mfcc_sma[1]_mean,24.644230304192472,11.231651454382321,-13.762662352272725,58.94327852272725
pcm_fftMag_mfcc_sma[2]_mean,1.0182223396712662,11.55256187028267,-67.4280914772727,36.49097818181818
pcm_fftMag_mfcc_sma[3]_mean,9.244436409565484,9.181298293432752,-34.240831910112355,43.11522903370785
pcm_fftMag_mfcc_sma[4]_mean,-0.15836415607931403,8.884309242156126,-36.207831363636366,27.69118954545454
pcm_fftMag_mfcc_sma[5]_mean,1.2181591628052708,9.377675011285827,-45.15796829545452,39.15716840909091
pcm_fftMag_mfcc_sma[6]_mean,-0.27588985089633905,8.05287245871199,-38.67227204545455,29.24950732584269
pcm_fftMag_mfcc_sma[7]_mean,0.15307031597434784,8.30410464935231,-35.91673483146068,26.045689418314605
pcm_fftMag_mfcc_sma[8]_mean,-0.792972384427462,7.5310667650684655,-31.396164545454546,45.24272555909091
pcm_fftMag_mfcc_sma[9]_mean,-0.31413449473703725,6.739734252409095,-30.95409102272725,36.422987795454546
pcm_fftMag_mfcc_sma[10]_mean,-1.5430438340191994,6.647261975276057,-34.070698068181805,36.02069751136364
pcm_fftMag_mfcc_sma[11]_mean,-0.3330068093808445,5.6530889862564155,-26.296106932954558,28.78819935000001
pcm_fftMag_mfcc_sma[12]_mean,-1.5342703575151833,5.1205555276321375,-36.63719687500002,20.02945153068182
pcm_fftMag_mfcc_sma[13]_mean,-0.4071916925122857,4.6429311046859985,-27.40858227272727,18.31669064772727
pcm_fftMag_mfcc_sma[14]_mean,-0.40868216173354543,3.909342169195357,-17.240258352272722,14.494818863636368
F0final_sma_de_mean,0.00010805630176875335,0.0013430238921276617,-0.00645840975988295,0.012565767345261351
voicingFinalUnclipped_sma_de_mean,5.294440266057098e-07,1.343276112002304e-06,-1.810000389717842e-05,1.3395498338547626e-05
jitterLocal_sma_de_mean,-5.960521774921284e-07,9.406225167293214e-07,-5.9860200613556765e-06,3.5494198648806817e-06
jitterDDP_sma_de_mean,-3.0744256796398787e-07,8.016057475593335e-07,-6.348738690820225e-06,3.5013692465e-06
shimmerLocal_sma_de_mean,-1.883029950603815e-06,3.326549138617553e-06,-1.9979774930340915e-05,1.0476181463965911e-05
logHNR_sma_de_mean,0.0003371515435089186,0.0007737747170152459,-0.0027447004087613647,0.004117729511733708
audspec_lengthL1norm_sma_de_mean,0.0001429942840198845,0.0002526028133108816,-0.0005663915681818183,0.0015517266972727276
audspecRasta_lengthL1norm_sma_de_mean,-2.585754097820694e-05,0.00037919292344378426,-0.014997725064772729,0.001914179313636364
pcm_RMSenergy_sma_de_mean,7.632696653549925e-06,1.6539379817490304e-05,-4.3156905202247175e-05,0.00011050522863636354
pcm_zcr_sma_de_mean,-4.0303605459074854e-05,5.006499066414151e-05,-0.00013774446719662926,0.0001352470603761364
audSpec_Rfilt_sma_de[0]_mean,-3.230508737831552e-06,2.993744771786383e-05,-0.0007666757691249999,0.00023851447022727265
audSpec_Rfilt_sma_de[1]_mean,-8.254264384739044e-06,6.58964165908356e-05,-0.0015087009902272721,0.0006276834607954545
audSpec_Rfilt_sma_de[2]_mean,-1.3555356992014995e-05,8.381956500624931e-05,-0.0022301778310227283,0.0006430998482613638
audSpec_Rfilt_sma_de[3]_mean,-2.091567216042998e-05,0.00019541719541242238,-0.007628686741022729,0.0007491008556818183
audSpec_Rfilt_sma_de[4]_mean,-2.7606655305867404e-05,0.0003614633929724815,-0.014438965949886362,0.001421965676818182
audSpec_Rfilt_sma_de[5]_mean,-3.052245259105542e-05,0.00043015423145746027,-0.01732733115738637,0.001804255086590909
audSpec_Rfilt_sma_de[6]_mean,-2.9783532725937954e-05,0.0003355862593930642,-0.013103975512500005,0.001989191328409091
audSpec_Rfilt_sma_de[7]_mean,-3.0216613936686818e-05,0.00037201582791705567,-0.01444571067075341,0.0019583431210227274
audSpec_Rfilt_sma_de[8]_mean,-3.3942577366373394e-05,0.0004263836570159001,-0.01669040379034091,0.0020396855375000005
audSpec_Rfilt_sma_de[9]_mean,-3.1031061960995086e-05,0.0003583559643217822,-0.013242571857954551,0.003318196046590909
audSpec_Rfilt_sma_de[10]_mean,-3.258895447811376e-05,0.00040739660530467804,-0.015688878565909094,0.0034599207954545464
audSpec_Rfilt_sma_de[11]_mean,-3.316485718293581e-05,0.00037551729155186795,-0.014363904416999997,0.002292842626136364
audSpec_Rfilt_sma_de[12]_mean,-3.880392306813025e-05,0.0007159432597240896,-0.02900669352625002,0.002880039661590909
audSpec_Rfilt_sma_de[13]_mean,-3.871630250732206e-05,0.0006943351421059152,-0.028020420923863632,0.003143437058363637
audSpec_Rfilt_sma_de[14]_mean,-3.413630330316392e-05,0.0004653285576961045,-0.01791983156056819,0.0025170158954545448
audSpec_Rfilt_sma_de[15]_mean,-3.1291417647008146e-05,0.00044330197663321023,-0.016370947394318186,0.004596914146590909
audSpec_Rfilt_sma_de[16]_mean,-3.3960387130546844e-05,0.0004830420413748159,-0.018245657433068174,0.0036204961670454547
audSpec_Rfilt_sma_de[17]_mean,-3.542870839953878e-05,0.0005985501803209215,-0.023420041473863645,0.0036759282159090907
audSpec_Rfilt_sma_de[18]_mean,-3.192866626259746e-05,0.0005079299613687193,-0.01926444956931819,0.0034495420863636357
audSpec_Rfilt_sma_de[19]_mean,-2.9928697008681802e-05,0.00047681911995392723,-0.01789243224699999,0.0033804573943181817
audSpec_Rfilt_sma_de[20]_mean,-2.084141224113431e-05,0.0004004282949587611,-0.014412810914545462,0.0035547231571590905
audSpec_Rfilt_sma_de[21]_mean,-2.053238743325795e-05,0.00040116263592123884,-0.014977425449999996,0.003115659187386364
audSpec_Rfilt_sma_de[22]_mean,-2.3021475880096256e-05,0.0005639892680107044,-0.0226081286875,0.002643917994318183
audSpec_Rfilt_sma_de[23]_mean,-1.800997920980565e-05,0.0004480198318334251,-0.01784054699352273,0.002347889489545455
audSpec_Rfilt_sma_de[24]_mean,-1.1761281656098131e-05,0.0002807888004980225,-0.01069398534636364,0.001813062213636364
audSpec_Rfilt_sma_de[25]_mean,-8.612290019340788e-06,0.00021039493843492542,-0.00783155077727273,0.0015444000113636366
pcm_fftMag_fband250-650_sma_de_mean,0.0001238476781830609,0.000586374523499109,-0.004511385778651689,0.00629565166590909
pcm_fftMag_fband1000-4000_sma_de_mean,8.195599252453421e-05,0.0003719134644846243,-0.0017606998146067392,0.005745074772727279
pcm_fftMag_spectralRollOff25.0_sma_de_mean,0.008981526748962989,0.09187845936701788,-1.4851387631818185,1.1744063906741573
pcm_fftMag_spectralRollOff50.0_sma_de_mean,0.017535314704769534,0.15648798462885735,-1.7316284779545454,2.188067052045455
pcm_fftMag_spectralRollOff75.0_sma_de_mean,0.03776011589485779,0.24650925606527485,-1.8640900690909088,3.115136380681818
pcm_fftMag_spectralRollOff90.0_sma_de_mean,0.07852828238014156,0.3631840006481038,-2.1597729850561818,3.4337300676136366
pcm_fftMag_spectralFlux_sma_de_mean,8.329729395390843e-05,0.00013572502610490397,-0.0005139801910112358,0.0010638842522727274
pcm_fftMag_spectralCentroid_sma_de_mean,0.03539896399093346,0.16535988284957656,-1.5525660710227265,1.9466447353409089
pcm_fftMag_spectralEntropy_sma_de_mean,0.00013226868831861147,0.0006777717724314477,-0.013463229413370787,0.006346999368181819
pcm_fftMag_spectralVariance_sma_de_mean,69.91419912344648,592.3951952010382,-4774.866754545458,7598.924446818179
pcm_fftMag_spectralSkewness_sma_de_mean,0.00023571136367459645,0.0028524444798112263,-0.022780085985227284,0.02922115640340909
pcm_fftMag_spectralKurtosis_sma_de_mean,0.0025871152239325566,0.5932398488466427,-7.122407453409097,9.541955388620456
pcm_fftMag_spectralSlope_sma_de_mean,-7.844796431332163e-05,0.00025808335904397054,-0.003447991920454548,0.0010997251730337071
pcm_fftMag_psySharpness_sma_de_mean,2.853832688996398e-05,0.00011489667746760773,-0.000991442517272727,0.0013359292409090909
pcm_fftMag_spectralHarmonicity_sma_de_mean,0.00014729020130322025,0.0005359561580882802,-0.0025137174696629213,0.008351784670454545
pcm_fftMag_mfcc_sma_de[1]_mean,0.0008178526149672327,0.002839828366953586,-0.010307217295454543,0.009483242966292129
pcm_fftMag_mfcc_sma_de[2]_mean,-9.269665743840631e-05,0.0029031928984144897,-0.010526842772727278,0.011621523920454546
pcm_fftMag_mfcc_sma_de[3]_mean,0.0004091779700371079,0.0027416300325096322,-0.011502445215909094,0.009730448755681815
pcm_fftMag_mfcc_sma_de[4]_mean,-4.535660001687874e-05,0.0029124250723856515,-0.012123191329545457,0.01464681355681819
pcm_fftMag_mfcc_sma_de[5]_mean,0.0001927227109433062,0.0029573066931914784,-0.013194832494382018,0.01295745655681818
pcm_fftMag_mfcc_sma_de[6]_mean,3.4326607231129924e-05,0.002835314189874947,-0.01308024969318182,0.022505947670454548
pcm_fftMag_mfcc_sma_de[7]_mean,0.0001292691431645455,0.0030720691182894067,-0.011411564292134831,0.021008368280681814
pcm_fftMag_mfcc_sma_de[8]_mean,3.6124715601010755e-05,0.0030709333213346816,-0.020013398704545462,0.02258950795454545
pcm_fftMag_mfcc_sma_de[9]_mean,-2.846452734358934e-05,0.002951157858488931,-0.014441002159090915,0.015064543207954547
pcm_fftMag_mfcc_sma_de[10]_mean,6.123113495930015e-05,0.0028049255871985383,-0.011066961534090912,0.013838798465909085
pcm_fftMag_mfcc_sma_de[11]_mean,-3.3082529118599574e-05,0.002741955434159527,-0.019073001887640453,0.016487392848314606
pcm_fftMag_mfcc_sma_de[12]_mean,-2.5873061805945498e-05,0.0027152481234062457,-0.015966662466292136,0.0125967026375
pcm_fftMag_mfcc_sma_de[13]_mean,-2.505175577174273e-05,0.002393374637979571,-0.009816230637078652,0.019370878295454544
pcm_fftMag_mfcc_sma_de[14]_mean,-4.348200673599205e-05,0.0021795293509879795,-0.01531623751136364,0.012123225876404495
F0final_sma_std,45.26804904032917,28.033052305531896,4.27599538855831,184.2524411814434
voicingFinalUnclipped_sma_std,0.03053384681459179,0.029692025464323493,0.005616157483342087,0.27868453279643723
jitterLocal_sma_std,0.033325753409367706,0.007372069568821531,0.004127540007770618,0.06131325584794784
jitterDDP_sma_std,0.03686648906473713,0.008400118252304942,0.003516964278288365,0.0670850208900173
shimmerLocal_sma_std,0.03968970820777395,0.012341657116176345,0.0077352890205950485,0.13966388254528767
logHNR_sma_std,9.736410681821015,7.206979452173516,0.92191883963428,45.579407541867674
audspec_lengthL1norm_sma_std,0.42232310194124845,0.22939597055304195,0.051274765124662856,2.1275648564514773
audspecRasta_lengthL1norm_sma_std,1.3250625421595321,1.9139541028354994,0.006151743096775932,9.836191228322097
pcm_RMSenergy_sma_std,0.024611513254079297,0.015762651140030712,0.0020819272419488,0.15486059578811234
pcm_zcr_sma_std,0.014648513311334531,0.013848397862357812,0.0011841416505190276,0.2813399546743176
audSpec_Rfilt_sma[0]_std,0.3866330367154726,0.6122378932387474,0.0012320883582452665,3.241197025272972
audSpec_Rfilt_sma[1]_std,0.7930196316360304,1.179292045307829,0.002722735857329273,6.10449698285299
audSpec_Rfilt_sma[2]_std,1.1186144652402548,1.6260382643581153,0.00556909964031721,8.91656862612135
audSpec_Rfilt_sma[3]_std,1.3450829689068515,1.9291749106733616,0.006731418339374374,9.833814158902776
audSpec_Rfilt_sma[4]_std,1.4892842562420374,2.1615369320274262,0.009974926425968514,10.451335522663113
audSpec_Rfilt_sma[5]_std,1.5882703264088978,2.368305013434201,0.012246772137260706,14.007099320385235
audSpec_Rfilt_sma[6]_std,1.58219227714301,2.3902107209649492,0.014325827786249381,18.16100770909896
audSpec_Rfilt_sma[7]_std,1.629902952250996,2.4634666794124125,0.015123292747487416,18.421048362258546
audSpec_Rfilt_sma[8]_std,1.6544013777367192,2.527294349493268,0.014690722435883468,23.333868097562558
audSpec_Rfilt_sma[9]_std,1.6482927422540694,2.494405459086076,0.016113097816010346,15.65160082459293
audSpec_Rfilt_sma[10]_std,1.6565618932739998,2.5340332809769097,0.015236305541152831,21.574859999946323
audSpec_Rfilt_sma[11]_std,1.6631288445948758,2.516451736630724,0.013790605790120921,15.58514617337435
audSpec_Rfilt_sma[12]_std,1.6910150766294418,2.5959044776468003,0.012239381154870776,18.07155332462772
audSpec_Rfilt_sma[13]_std,1.7033031192191888,2.610195320496411,0.014239181508215378,21.343395147631124
audSpec_Rfilt_sma[14]_std,1.7166331600543627,2.6249162637384744,0.013097151367514012,18.447519161651517
audSpec_Rfilt_sma[15]_std,1.72597734552621,2.6744502242927517,0.012664698045640566,16.538510055407528
audSpec_Rfilt_sma[16]_std,1.6965025430807128,2.6516189921546265,0.012752707709020195,16.27422018607288
audSpec_Rfilt_sma[17]_std,1.6454983223661477,2.579256163716265,0.012631819427360993,15.11765412353616
audSpec_Rfilt_sma[18]_std,1.5947376004362208,2.505389260577375,0.012623885973418786,15.669168827781075
audSpec_Rfilt_sma[19]_std,1.466575218694727,2.300043643046027,0.011911248474049802,13.432896270011652
audSpec_Rfilt_sma[20]_std,1.2905883536797973,2.0215430593655004,0.013068520166594887,12.547248809218845
audSpec_Rfilt_sma[21]_std,1.1233757614666269,1.763356565935148,0.010475446850753549,10.43320435887565
audSpec_Rfilt_sma[22]_std,0.9168173631088675,1.426393393781933,0.01109497056032402,9.49480689912884
audSpec_Rfilt_sma[23]_std,0.738157477663327,1.1548217799477531,0.0069437234419812395,7.149035339847617
audSpec_Rfilt_sma[24]_std,0.5744174699109528,0.8935238592796955,0.006475363469915965,6.383277045285077
audSpec_Rfilt_sma[25]_std,0.4462382340615499,0.6871014954130388,0.004846188105107174,4.747529834975368
pcm_fftMag_fband250-650_sma_std,0.8035129331121736,1.0989425518906633,0.0032951179430487872,16.061395728289085
pcm_fftMag_fband1000-4000_sma_std,0.4935530775833681,0.9569206000705331,0.0014704342589112352,10.845512295097434
pcm_fftMag_spectralRollOff25.0_sma_std,118.011531812385,157.73574000174244,2.960667116104803,3290.4080520813227
pcm_fftMag_spectralRollOff50.0_sma_std,205.88937677785665,225.5326882950326,5.854607155618295,4283.2429033268045
pcm_fftMag_spectralRollOff75.0_sma_std,350.7628889963452,314.4199159913359,10.207213328597351,4817.4681307000765
pcm_fftMag_spectralRollOff90.0_sma_std,549.1278057309308,432.3472745154369,24.520758350378127,5601.920859425793
pcm_fftMag_spectralFlux_sma_std,0.2110719312219343,0.13120678188853832,0.01598936277861334,1.0485387274519091
pcm_fftMag_spectralCentroid_sma_std,238.8117223714561,215.01362666601833,7.618370252210614,3655.1422868743575
pcm_fftMag_spectralEntropy_sma_std,0.4045034082731172,0.19159560457659144,0.09094930387514194,1.9509069862285533
pcm_fftMag_spectralVariance_sma_std,709453.1241781435,842396.3763138973,4159.297271643939,14093236.70083654
pcm_fftMag_spectralSkewness_sma_std,4.100333108663361,5.17388537646266,0.07197523238166711,59.331807001924716
pcm_fftMag_spectralKurtosis_sma_std,564.4643498599381,1340.9087685476588,0.4006535319752639,19152.319320721654
pcm_fftMag_spectralSlope_sma_std,0.30932370944993354,0.37519543477505785,0.0021232385637711152,4.473094194014969
pcm_fftMag_psySharpness_sma_std,0.16943522464636146,0.14592982475135596,0.007046377587393326,2.554087682578005
pcm_fftMag_spectralHarmonicity_sma_std,0.7080741829458944,0.98295381965395,0.005820038417048708,14.421308694419588
pcm_fftMag_mfcc_sma[1]_std,4.706799073954401,2.395290714455922,0.5514435538624517,22.13063807332221
pcm_fftMag_mfcc_sma[2]_std,6.041666016556573,3.036478487072723,0.8870752674650466,25.671700252159766
pcm_fftMag_mfcc_sma[3]_std,5.8676011934129555,2.524095156266508,0.8950847566722617,21.304544165036443
pcm_fftMag_mfcc_sma[4]_std,6.070462215560307,2.7014262011583656,0.6464064947040539,20.85409182407308
pcm_fftMag_mfcc_sma[5]_std,6.420696946532847,2.697662831755443,1.3217670770594427,21.988460337900143
pcm_fftMag_mfcc_sma[6]_std,6.444682222651038,2.8469732710183564,1.5442993801125169,27.163753183799514
pcm_fftMag_mfcc_sma[7]_std,6.638732673934125,3.1030103597538132,1.5364209104489486,36.843337027075314
pcm_fftMag_mfcc_sma[8]_std,6.69954712582651,3.0727412700414756,1.3746567591889478,39.23787318866476
pcm_fftMag_mfcc_sma[9]_std,6.675543113631057,3.078573820373887,1.1852589408163317,30.812967331647787
pcm_fftMag_mfcc_sma[10]_std,6.520224417217266,3.0988579762854087,1.483734829674267,31.17419153256816
pcm_fftMag_mfcc_sma[11]_std,6.4007123068088205,3.058833915507821,1.1076864594949811,26.83896931880161
pcm_fftMag_mfcc_sma[12]_std,6.096989477672847,3.114793175344129,1.2371281696735077,30.18102048361743
pcm_fftMag_mfcc_sma[13]_std,5.622160844129667,2.9581993318549173,0.782430239751395,28.139966689089718
pcm_fftMag_mfcc_sma[14]_std,4.941158517883151,2.405974161383602,1.084594804361376,21.423548282793515
F0final_sma_de_std,0.006714436443031565,0.010614236635447758,3.4184954343864626e-05,0.11429369163880213
voicingFinalUnclipped_sma_de_std,8.762302433158881e-06,1.0014875326678268e-05,1.7461376461634251e-07,0.00017605106328738712
jitterLocal_sma_de_std,6.0007418783307914e-06,6.340062841350152e-06,2.1161908925460668e-07,5.375469395842592e-05
jitterDDP_sma_de_std,4.934797745020299e-06,5.2906766053639884e-06,1.0657333365434842e-07,5.655375714623064e-05
shimmerLocal_sma_de_std,2.3384164993317493e-05,2.5972454374913052e-05,4.894746447212525e-07,0.00018586287068896642
logHNR_sma_de_std,0.004175295305875849,0.006704465946483786,1.278021296499976e-05,0.03875849271963618
audspec_lengthL1norm_sma_de_std,0.007833645324251239,0.0038170690434158787,0.000999942878598105,0.03178240378244778
audspecRasta_lengthL1norm_sma_de_std,0.0054061258805400145,0.012087115764619271,0.00038963711169972295,0.4399637903370077
pcm_RMSenergy_sma_de_std,0.0005449517838787163,0.00032244189990879746,3.973309623035276e-05,0.0025266416959272464
pcm_zcr_sma_de_std,0.0006204782316614997,0.0003874714232329557,2.9090889560952106e-05,0.0024117095374297393
audSpec_Rfilt_sma_de[0]_std,0.001034044052504797,0.0063964187209687605,7.137701744778657e-05,0.26333605206823035
audSpec_Rfilt_sma_de[1]_std,0.001911817947666514,0.01102145956620322,0.00019559231698344022,0.44599203840230905
audSpec_Rfilt_sma_de[2]_std,0.0025738474483388047,0.01217867910326167,0.00037084844671366086,0.490520982445634
audSpec_Rfilt_sma_de[3]_std,0.003147752510763998,0.010474591320889352,0.0005879723501134807,0.4020761947858187
audSpec_Rfilt_sma_de[4]_std,0.003979878647858906,0.01013174720495022,0.0005980048463749455,0.364060734110897
audSpec_Rfilt_sma_de[5]_std,0.004746655436340977,0.009987337797332133,0.0008357021446458794,0.3146632686969371
audSpec_Rfilt_sma_de[6]_std,0.005413370689918674,0.010943957467612214,0.0010083641376489858,0.35600135992154003
audSpec_Rfilt_sma_de[7]_std,0.005898332017545722,0.011627065858287513,0.0010554191949053602,0.3883977694514141
audSpec_Rfilt_sma_de[8]_std,0.006368957471219106,0.013044769568336322,0.0013895172310857133,0.44531900710324535
audSpec_Rfilt_sma_de[9]_std,0.0068513001924348045,0.012378036648750014,0.0012941885521458993,0.4037533752917896
audSpec_Rfilt_sma_de[10]_std,0.007146717663155475,0.012314508649197841,0.0012787849313144195,0.4276561315102325
audSpec_Rfilt_sma_de[11]_std,0.00760420748024782,0.01256426879537554,0.0012783788590498373,0.41477855187709023
audSpec_Rfilt_sma_de[12]_std,0.008241548358044679,0.015767633641036918,0.0011452570676058346,0.5008508407515875
audSpec_Rfilt_sma_de[13]_std,0.00851179770459164,0.016823937038205075,0.0012984835798553447,0.5614969990135587
audSpec_Rfilt_sma_de[14]_std,0.008845169691721574,0.01825690998704336,0.0010744966463193597,0.6579675220846127
audSpec_Rfilt_sma_de[15]_std,0.009160340297737891,0.018694763140484,0.0011295270779086333,0.7093182944124381
audSpec_Rfilt_sma_de[16]_std,0.00953693116306237,0.01681060190799143,0.0010550572357236323,0.6066479215090129
audSpec_Rfilt_sma_de[17]_std,0.00992429295174861,0.019610343533479183,0.0011248029544172948,0.7248503598172699
audSpec_Rfilt_sma_de[18]_std,0.01027409238177305,0.019128768849076376,0.0010906500314768076,0.6946386134100752
audSpec_Rfilt_sma_de[19]_std,0.010143084964217744,0.014877454820509525,0.0010635275412001774,0.5070705514417883
audSpec_Rfilt_sma_de[20]_std,0.009883702043593078,0.014726712374552817,0.0009491072055520569,0.5157464023243196
audSpec_Rfilt_sma_de[21]_std,0.009364229126134835,0.014023669551779416,0.0008549487085505773,0.4792374020368601
audSpec_Rfilt_sma_de[22]_std,0.008312459355402643,0.010411644037322632,0.0007191829636046381,0.2841276669220042
audSpec_Rfilt_sma_de[23]_std,0.007133292074322712,0.008236454266654761,0.0006408546502235088,0.2112550340060753
audSpec_Rfilt_sma_de[24]_std,0.0059194970318397705,0.006195715561674209,0.0005425203371427595,0.1564231139134874
audSpec_Rfilt_sma_de[25]_std,0.004848877506615756,0.004861309498853071,0.0004197462424710883,0.11675469934101425
pcm_fftMag_fband250-650_sma_de_std,0.018745793877780182,0.02487008021030461,6.776970718307574e-05,0.3321849787550949
pcm_fftMag_fband1000-4000_sma_de_std,0.010891143847291937,0.02064741237053927,3.446030482277959e-05,0.2653664887284667
pcm_fftMag_spectralRollOff25.0_sma_de_std,2.8173484577697607,3.1707567567259827,0.11472247873326898,33.5030150501558
pcm_fftMag_spectralRollOff50.0_sma_de_std,5.20774723902841,5.058281867545433,0.21171721295536808,38.33475604688981
pcm_fftMag_spectralRollOff75.0_sma_de_std,9.309689109519619,7.920867289601543,0.2508521548115536,56.007506122015066
pcm_fftMag_spectralRollOff90.0_sma_de_std,14.714332680836451,10.879473665955459,0.379527018826854,81.53380593336817
pcm_fftMag_spectralFlux_sma_de_std,0.005419613392295329,0.0032847199889261634,0.0003928446462512618,0.02879475158911032
pcm_fftMag_spectralCentroid_sma_de_std,5.934172812416352,4.861133433778137,0.37204103659349946,34.786200334721784
pcm_fftMag_spectralEntropy_sma_de_std,0.01016808047949399,0.007501854516820013,0.002448084870393611,0.15161574541695774
pcm_fftMag_spectralVariance_sma_de_std,20335.611684980046,20386.514525814924,54.892457822926254,170213.0962800881
pcm_fftMag_spectralSkewness_sma_de_std,0.08699253568141713,0.089633151218503,0.003539987297328301,0.8079634738797884
pcm_fftMag_spectralKurtosis_sma_de_std,11.930981284874857,23.298065991629738,0.012824251458338726,229.6307084670789
pcm_fftMag_spectralSlope_sma_de_std,0.008170033791977553,0.009697101834188421,5.9536600047627296e-05,0.0882602823880249
pcm_fftMag_psySharpness_sma_de_std,0.0041694912165013195,0.003339980137390421,0.00032671812534994287,0.0251921018061433
pcm_fftMag_spectralHarmonicity_sma_de_std,0.016397259577870464,0.020981038379324447,0.00015529606961617117,0.20474493120540851
pcm_fftMag_mfcc_sma_de[1]_std,0.0955168223197889,0.03558916485970081,0.02031476745527101,0.2759542661282217
pcm_fftMag_mfcc_sma_de[2]_std,0.11352192696199885,0.039356344347989645,0.02795402177567942,0.3107119265927326
pcm_fftMag_mfcc_sma_de[3]_std,0.11540650586669807,0.035914272440838856,0.0306447857681721,0.4193414606617411
pcm_fftMag_mfcc_sma_de[4]_std,0.11985626264583213,0.034853262652606375,0.03798502956939108,0.3954291952304402
pcm_fftMag_mfcc_sma_de[5]_std,0.1306415310371759,0.037717230899782885,0.03919155369469849,0.4086344140696923
pcm_fftMag_mfcc_sma_de[6]_std,0.13419498576922673,0.03702582367643109,0.0470089149845216,0.4727632202315121
pcm_fftMag_mfcc_sma_de[7]_std,0.13739659279723065,0.03647996206160577,0.05129624680347386,0.3524850018817132
pcm_fftMag_mfcc_sma_de[8]_std,0.14265381149845674,0.03899259680012326,0.052214779074088,0.4327975698992493
pcm_fftMag_mfcc_sma_de[9]_std,0.14232496161566074,0.039882773469725984,0.045462705830242124,0.4003490360536435
pcm_fftMag_mfcc_sma_de[10]_std,0.14007165126999327,0.04059636452165207,0.043304432388416886,0.4006633524527673
pcm_fftMag_mfcc_sma_de[11]_std,0.1358126098515582,0.03951235365827565,0.04378481129854746,0.3847265561637069
pcm_fftMag_mfcc_sma_de[12]_std,0.1292230822482845,0.039690175614865604,0.043008789892841896,0.3811516535070388
pcm_fftMag_mfcc_sma_de[13]_std,0.1203370404098454,0.03957066505413011,0.04225676631930679,0.475204693439558
pcm_fftMag_mfcc_sma_de[14]_std,0.10702642374095171,0.03331414469788369,0.03583038209815028,0.3372852786977342
